0,1.0163,1.5336,0.4944,1.6745,1.5965,1.6325,1.3304,1.6115,1.9757,0.6505,3.2035,2.3285,1.4777,1.2601,1.2802,0.9516,1.2673,1.764,1.0006,0.8537,0.3144,1.6731,1.0075,1.5926,1.3722,0
1.0163,0,1.4998,1.0813,1.9703,1.8923,1.1772,2.3476,1.1562,2.9928,1.2374,3.1697,2.9154,1.0224,2.0435,1.5759,1.5385,1.2335,1.3087,1.5875,1.3889,0.6778,2.3915,1.3033,2.6098,1.6609,1.0163
1.5049,1.4998,0,1.1136,3.2113,3.1333,2.7081,2.38,2.6871,3.0252,1.2698,1.6699,2.9478,2.5533,2.6014,2.8169,0.8243,0.4425,2.8395,1.6199,2.3904,1.3899,2.4239,2.5443,2.6421,0.7921,1.5049
0.4944,1.0813,1.1136,0,2.1721,2.0941,1.6975,1.3408,1.6765,1.986,0.1562,2.7835,1.8341,1.5427,1.5622,1.7777,0.4572,0.8473,1.829,0.5062,1.3512,0.3793,1.3103,1.5051,1.6029,0.8778,0.4944
1.6745,1.9703,3.2113,2.1721,0,0.237,1.3045,1.9869,0.8698,2.6321,2.3282,4.8811,4.0062,1.1497,1.6002,0.5827,2.6293,2.9449,1.0778,2.6783,1.0241,1.8943,2.6222,0.8128,2.249,3.0499,1.6745
1.5965,1.8923,3.1333,2.0941,0.237,0,1.2266,2.6332,0.7918,3.2784,2.2502,4.8032,3.9282,1.0717,1.8296,0.822,2.5513,2.8669,0.9998,2.6003,1.2596,1.8163,2.9758,1.0482,2.8953,2.9719,1.5965
1.6326,1.1772,2.7368,1.6975,1.3045,1.2266,0,2.9639,0.4348,3.6091,1.8537,4.4066,3.5316,0.301,2.6597,1.6935,2.1548,2.4704,0.2827,2.2038,2.0051,1.4255,3.0078,1.6236,3.226,2.5753,1.6326
1.3304,2.3476,2.38,1.3408,1.9869,2.6332,2.9639,0,2.6557,1.1241,1.4969,4.0499,2.8142,2.8091,0.458,1.3243,1.798,2.1137,3.0954,1.847,1.041,1.6457,1.6106,1.3132,0.6481,2.2186,1.3304
1.6115,1.1562,2.7158,1.6765,0.8698,0.7918,0.4348,2.9429,0,3.5881,1.8327,4.3856,3.5106,0.28,2.3504,1.1432,2.1338,2.4494,0.208,2.1828,1.6944,1.4045,2.9868,1.3805,3.205,2.5543,1.6115
1.9757,2.9928,3.0252,1.986,2.6321,3.2784,3.6091,1.1241,3.3009,0,1.7543,3.7311,2.3387,3.4543,1.5588,2.2311,1.7124,2.7589,3.7406,1.6408,1.7262,2.2909,1.1351,1.9584,0.6692,2.1329,1.9757
0.6505,1.2374,1.2698,0.1562,2.3282,2.2502,1.8537,1.4969,1.8327,1.7488,0,2.5267,1.6779,1.6989,1.7183,1.9338,0.3011,1.0035,1.9852,0.3501,1.5074,0.5355,1.1541,1.6612,1.3778,0.7216,0.6505
3.5587,4.4307,1.8147,3.0643,5.2364,5.1584,4.7618,4.0444,4.7408,3.5689,2.9082,0,1.4907,4.607,4.4442,4.6549,2.8596,3.4892,4.8933,2.5581,4.1501,3.4437,2.4338,4.3823,3.7576,1.9985,3.5587
2.3285,2.9154,2.9478,1.8341,4.0062,3.9282,3.5316,2.8142,3.5106,2.3387,1.6779,1.6529,0,3.3768,3.214,3.4247,1.6294,2.6814,3.6631,1.3279,2.9199,2.2135,1.2036,3.1521,2.5273,2.05,2.3285
1.4777,1.0224,2.5819,1.5427,1.1497,1.0717,0.301,2.8091,0.28,3.4543,1.6989,4.2518,3.3768,0,2.5049,1.4231,2,2.3156,0.4179,2.049,1.8503,1.2707,2.853,1.4688,3.0712,2.4205,1.4777
1.2359,2.0435,2.6014,1.5622,1.6002,1.8296,2.4111,0.458,2.3504,1.5588,1.7183,4.2713,3.214,2.2563,0,1.0149,2.0194,2.335,2.5584,2.0684,0.6595,1.8671,2.0104,1.0103,1.0828,2.44,1.2359
1.2802,1.5759,2.8169,1.7777,0.5827,0.822,1.6935,1.3243,1.1432,2.2311,1.9338,4.4868,3.4247,1.4231,1.0149,0,2.2349,2.5506,1.3512,2.2839,0.6231,1.506,2.2211,0.4117,1.848,2.6555,1.2802
0.9516,1.5385,0.8243,0.4572,2.6293,2.5513,2.1548,1.798,2.1338,1.7124,0.3011,2.2256,1.6294,2,2.0194,2.2349,0,1.3046,2.2863,0.3016,1.8085,0.8366,1.1056,1.9623,1.3293,0.4205,0.9516
1.2386,1.2335,0.4425,0.8473,2.9449,2.8669,2.4417,2.1137,2.4207,2.7589,1.0035,2.1124,2.6814,2.2869,2.335,2.5506,1.3046,0,2.5732,1.3536,2.1241,1.1235,2.1576,2.2779,2.3758,1.3719,1.2386
1.764,1.3087,2.8682,1.829,1.0778,0.9998,0.2827,3.0954,0.208,3.7406,1.9852,4.5381,3.6631,0.4179,2.5584,1.3512,2.2863,2.6019,0,2.3353,1.9024,1.557,3.1393,1.5885,3.3575,2.7068,1.764
1.0006,1.5875,1.6199,0.5062,2.6783,2.6003,2.2038,1.847,2.1828,1.5204,0.3501,2.5272,1.3279,2.049,2.0684,2.2839,0.3016,1.3536,2.3353,0,1.8575,0.8856,0.804,2.0113,1.3783,0.7221,1.0006
0.8537,1.3889,2.3904,1.3512,1.0241,1.2596,2.0051,0.9598,1.6944,1.8074,1.5074,4.0603,3.001,1.8503,0.6595,0.6231,1.8085,2.1241,1.9024,1.8575,0,1.0734,1.7975,0.3505,1.4243,2.229,0.8537
0.3144,0.6778,1.4186,0.3793,1.8943,1.8163,1.4255,1.6457,1.4045,2.2909,0.5355,3.0884,2.2135,1.2707,1.8671,1.506,0.8366,1.1522,1.557,0.8856,1.0734,0,1.6896,1.2334,1.9078,1.2571,0.3144
1.6731,2.3915,2.4239,1.3103,2.6222,2.9758,3.0078,1.6106,2.9868,1.1351,1.1541,2.596,1.2036,2.853,2.0104,2.2211,1.1056,2.1576,3.1393,0.804,1.7163,1.6896,0,1.9485,1.3238,1.5261,1.6731
1.0075,1.3033,2.5443,1.5051,0.8128,1.0482,1.6236,1.3132,1.3805,1.9584,1.6612,4.2141,3.1521,1.4688,1.0103,0.4117,1.9623,2.2779,1.5885,2.0113,0.3505,1.2334,1.9485,0,1.5753,2.3828,1.0075
1.5926,2.6098,2.6421,1.6029,2.249,2.8953,3.226,0.6481,2.9178,0.6515,1.3778,3.9198,2.5273,3.0712,1.0828,1.848,1.3293,2.3758,3.3575,1.3783,1.3431,1.9078,1.3238,1.5753,0,1.7498,1.5926
1.3722,1.9591,0.7921,0.8778,3.0499,2.9719,2.5753,2.2186,2.5543,2.1329,0.7216,1.8536,2.05,2.4205,2.44,2.6555,0.4205,1.2347,2.7068,0.7221,2.229,1.2571,1.5261,2.3828,1.7498,0,1.3722
0,1.0163,1.5336,0.4944,1.6745,1.5965,1.6325,1.3304,1.6115,1.9757,0.6505,3.2035,2.3285,1.4777,1.2601,1.2802,0.9516,1.2673,1.764,1.0006,0.8537,0.3144,1.6731,1.0075,1.5926,1.3722,0
