0,0.009089289001,0.01355064818,0.004411815812,0.015782612,0.01652358063,0.01799531276,0.01293517767,0.01471583273,0.01832607501,0.006072331874,0.02566680985,0.01799819084,0.01537794454,0.01376402444,0.0118229666,0.008861161098,0.01167339355,0.01691009179,0.01018904866,0.00753035687,0.003428232121,0.01772574929,0.008990758237,0.0150310998,0.01279193051,0
0.009089289001,0,0.01350649239,0.011058399,0.01537973414,0.01484764867,0.01082710369,0.02116977867,0.009108425033,0.02739856241,0.01295593607,0.02783522362,0.02286558215,0.00786421988,0.02058638124,0.01448841856,0.0150238574,0.009651265836,0.01101163331,0.01724932734,0.01345685664,0.00675411673,0.02609253258,0.01324897915,0.02393292592,0.01732329367,0.009089289001
0.01355064818,0.01350649239,0,0.01022398529,0.02763831706,0.02764252999,0.02397997028,0.02507601243,0.02261320997,0.02688272108,0.01029189853,0.01438468794,0.01173929387,0.02104741438,0.02699892891,0.02485687075,0.009381834505,0.004057842806,0.02449648019,0.01166346692,0.02107767037,0.01078047291,0.02069945138,0.02234013924,0.02532054577,0.007578386703,0.01355064818
0.004411815812,0.011058399,0.01022398529,0,0.02018244224,0.02085720294,0.02122426928,0.0148980678,0.01834289803,0.01806387911,0.001952687147,0.02134384604,0.01362078201,0.01840652576,0.0168465502,0.01617276579,0.004557194491,0.009529665411,0.02052857962,0.006330849733,0.01150205976,0.004352346904,0.01508060922,0.01324313761,0.01567688385,0.008381605056,0.004411815812
0.015782612,0.01537973414,0.02763831706,0.02018244224,0,0.002205621144,0.01248777025,0.01798299223,0.009113632548,0.027124524,0.02182573576,0.04110303857,0.03377812449,0.01257703875,0.0141434651,0.005496621319,0.02462806893,0.02435069796,0.009670793495,0.02568391145,0.01078451752,0.01721514049,0.03124481442,0.008360156411,0.02265475568,0.02853602439,0.015782612
0.01652358063,0.01484764867,0.02764252999,0.02085720294,0.002205621144,0,0.01058656702,0.01992984047,0.007546054114,0.02899156395,0.02259552048,0.04140829164,0.03447564746,0.01101897641,0.01623738574,0.007367560243,0.02537622904,0.02416456631,0.007761657713,0.02661455935,0.01234002586,0.01754765689,0.03266081241,0.00995758548,0.02453977942,0.0291197547,0.01652358063
0.01799531276,0.01082710369,0.02397997028,0.02122426928,0.01248777025,0.01058656702,0,0.02685350656,0.004024657767,0.03490412119,0.02317676983,0.03836164811,0.03367831928,0.002967426281,0.0243890634,0.01559708071,0.02553260412,0.01995373172,0.002826222616,0.02755413567,0.01824945735,0.01691650938,0.0357209095,0.01658420314,0.03078820637,0.0281246855,0.01799531276
0.01293517767,0.02116977867,0.02507601243,0.0148980678,0.01798299223,0.01992984047,0.02685350656,0,0.02286177005,0.009254786965,0.0149038384,0.03379791399,0.02420450893,0.02507325077,0.004736081848,0.01256290417,0.01677289224,0.02419281157,0.02470227729,0.01585209002,0.008609475818,0.01634859911,0.01604180531,0.01043452368,0.004794210396,0.02096487496,0.01293517767
0.01471583273,0.009108425033,0.02261320997,0.01834289803,0.009113632548,0.007546054114,0.004024657767,0.02286177005,0,0.03104058163,0.02028112338,0.03691559054,0.03137243098,0.003479495586,0.02036829119,0.0116375946,0.0228096456,0.01874240278,0.002196470457,0.02463848331,0.01426954456,0.01419626648,0.03236544661,0.01256199627,0.02686830585,0.02581344522,0.01471583273
0.01832607501,0.02739856241,0.02688272108,0.01806387911,0.027124524,0.02899156395,0.03490412119,0.009254786965,0.03104058163,0,0.01703915472,0.0315784522,0.02172068837,0.03275937474,0.01379853359,0.02164676611,0.01751067841,0.02739590469,0.03304086867,0.01544233366,0.01700130915,0.02124696044,0.01009070135,0.01918223214,0.004479691557,0.02061796465,0.01832607501
0.006072331874,0.01295593607,0.01029189853,0.001952687147,0.02182573576,0.02259552048,0.02317676983,0.0149038384,0.02028112338,0.01703915472,0,0.02015941574,0.01196305927,0.02035587167,0.01736029373,0.01758295997,0.002805031279,0.01035817818,0.02246909825,0.004378207434,0.01263490621,0.006291406611,0.0132861242,0.01456193487,0.01507460439,0.00699236662,0.006072331874
0.02566680985,0.02783522362,0.01438468794,0.02134384604,0.04110303857,0.04140829164,0.03836164811,0.03379791399,0.03691559054,0.0315784522,0.02015941574,0,0.009891438693,0.03543196418,0.03712047156,0.03748903578,0.01756707022,0.01841165259,0.03884541773,0.01796464835,0.03277550882,0.02389646172,0.0220637373,0.03458698338,0.03205142325,0.01320472588,0.02566680985
0.01799819084,0.02286558215,0.01173929387,0.01362078201,0.03377812449,0.03447564746,0.03367831928,0.02420450893,0.03137243098,0.02172068837,0.01196305927,0.009891438693,0,0.03072394337,0.02783573289,0.02948946606,0.009158093002,0.01524137213,0.03349413154,0.008675435683,0.02434203414,0.0172667002,0.01251025592,0.02641852516,0.02219672725,0.005565156158,0.01799819084
0.01537794454,0.00786421988,0.02104741438,0.01840652576,0.01257703875,0.01101897641,0.002967426281,0.02507325077,0.003479495586,0.03275937474,0.02035587167,0.03543196418,0.03072394337,0,0.02303115339,0.01465454738,0.02265530297,0.01703461407,0.004061853276,0.02472675118,0.01648915743,0.01407272131,0.03307040884,0.01510654406,0.02877038356,0.02517423618,0.01537794454
0.01376402444,0.02058638124,0.02699892891,0.0168465502,0.0141434651,0.01623738574,0.0243890634,0.004736081848,0.02036829119,0.01379853359,0.01736029373,0.03712047156,0.02783573289,0.02303115339,0,0.009074378736,0.01965577921,0.02543646397,0.02196991344,0.01922691462,0.007129569349,0.01710895924,0.020643159,0.007932659623,0.009431019949,0.02400037489,0.01376402444
0.0118229666,0.01448841856,0.02485687075,0.01617276579,0.005496621319,0.007367560243,0.01559708071,0.01256290417,0.0116375946,0.02164676611,0.01758295997,0.03748903578,0.02948946606,0.01465454738,0.009074378736,0,0.02036692769,0.02210275106,0.01303707804,0.02108167981,0.005509828297,0.01408073865,0.02594457838,0.003142388638,0.0171849555,0.02452026121,0.0118229666
0.008861161098,0.0150238574,0.009381834505,0.004557194491,0.02462806893,0.02537622904,0.02553260412,0.01677289224,0.0228096456,0.01751067841,0.002805031279,0.01756707022,0.009158093002,0.02265530297,0.01965577921,0.02036692769,0,0.01054797036,0.02498388112,0.002559643901,0.01534057775,0.008640180662,0.01207307881,0.01732631554,0.0162272055,0.004366502113,0.008861161098
0.01167339355,0.009651265836,0.004057842806,0.009529665411,0.02435069796,0.02416456631,0.01995373172,0.02419281157,0.01874240278,0.02739590469,0.01035817818,0.01841165259,0.01524137213,0.01703461407,0.02543646397,0.02210275106,0.01054797036,0,0.02056474338,0.01308867431,0.01896387814,0.008411737004,0.02256317204,0.0198727624,0.0252045169,0.01033625827,0.01167339355
0.01691009179,0.01101163331,0.02449648019,0.02052857962,0.009670793495,0.007761657713,0.002826222616,0.02470227729,0.002196470457,0.03304086867,0.02246909825,0.03884541773,0.03349413154,0.004061853276,0.02196991344,0.01303707804,0.02498388112,0.02056474338,0,0.02682950443,0.01615928317,0.01635958463,0.03454629175,0.01430997231,0.02881833771,0.0279310921,0.01691009179
0.01018904866,0.01724932734,0.01166346692,0.006330849733,0.02568391145,0.02661455935,0.02755413567,0.01585209002,0.02463848331,0.01544233366,0.004378207434,0.01796464835,0.008675435683,0.02472675118,0.01922691462,0.02108167981,0.002559643901,0.01308867431,0.02682950443,0,0.01579125507,0.01065501102,0.009513532716,0.01796420178,0.01464505657,0.005323730583,0.01018904866
0.00753035687,0.01345685664,0.02107767037,0.01150205976,0.01078451752,0.01234002586,0.01824945735,0.008609475818,0.01426954456,0.01700130915,0.01263490621,0.03277550882,0.02434203414,0.01648915743,0.007129569349,0.005509828297,0.01534057775,0.01896387814,0.01615928317,0.01579125507,0,0.01055523386,0.02047504292,0.002426295928,0.01268658109,0.01962680772,0.00753035687
0.003428232121,0.00675411673,0.01078047291,0.004352346904,0.01721514049,0.01754765689,0.01691650938,0.01634859911,0.01419626648,0.02124696044,0.006291406611,0.02389646172,0.0172667002,0.01407272131,0.01710895924,0.01408073865,0.008640180662,0.008411737004,0.01635958463,0.01065501102,0.01055523386,0,0.01933852951,0.01159526873,0.01822078393,0.01175243203,0.003428232121
0.01772574929,0.02609253258,0.02069945138,0.01508060922,0.03124481442,0.03266081241,0.0357209095,0.01604180531,0.03236544661,0.01009070135,0.0132861242,0.0220637373,0.01251025592,0.03307040884,0.020643159,0.02594457838,0.01207307881,0.02256317204,0.03454629175,0.009513532716,0.02047504292,0.01933852951,0,0.02290039777,0.01225019551,0.01329892302,0.01772574929
0.008990758237,0.01324897915,0.02234013924,0.01324313761,0.008360156411,0.00995758548,0.01658420314,0.01043452368,0.01256199627,0.01918223214,0.01456193487,0.03458698338,0.02641852516,0.01510654406,0.007932659623,0.003142388638,0.01732631554,0.0198727624,0.01430997231,0.01796420178,0.002426295928,0.01159526873,0.02290039777,0,0.01479186052,0.02153327341,0.008990758237
0.0150310998,0.02393292592,0.02532054577,0.01567688385,0.02265475568,0.02453977942,0.03078820637,0.004794210396,0.02686830585,0.004479691557,0.01507460439,0.03205142325,0.02219672725,0.02877038356,0.009431019949,0.0171849555,0.0162272055,0.0252045169,0.02881833771,0.01464505657,0.01268658109,0.01822078393,0.01225019551,0.01479186052,0,0.01996798345,0.0150310998
0.01279193051,0.01732329367,0.007578386703,0.008381605056,0.02853602439,0.0291197547,0.0281246855,0.02096487496,0.02581344522,0.02061796465,0.00699236662,0.01320472588,0.005565156158,0.02517423618,0.02400037489,0.02452026121,0.004366502113,0.01033625827,0.0279310921,0.005323730583,0.01962680772,0.01175243203,0.01329892302,0.02153327341,0.01996798345,0,0.01279193051
0,0.009089289001,0.01355064818,0.004411815812,0.015782612,0.01652358063,0.01799531276,0.01293517767,0.01471583273,0.01832607501,0.006072331874,0.02566680985,0.01799819084,0.01537794454,0.01376402444,0.0118229666,0.008861161098,0.01167339355,0.01691009179,0.01018904866,0.00753035687,0.003428232121,0.01772574929,0.008990758237,0.0150310998,0.01279193051,0
