0.000000,0.036427,0.054968,0.017720,0.060018,0.057222,0.058513,0.047685,0.057760,0.070814,0.023315,0.114821,0.083459,0.052964,0.045165,0.045885,0.034108,0.045423,0.063226,0.035864,0.030599,0.011269,0.059968,0.036111,0.057082,0.049183,0.000000
0.036427,0.000000,0.053756,0.038756,0.070620,0.067824,0.042194,0.084143,0.041441,0.107269,0.044351,0.113609,0.104495,0.036645,0.073244,0.056484,0.055143,0.044211,0.046907,0.056900,0.049781,0.024294,0.085717,0.046713,0.093541,0.059530,0.036427
0.053939,0.053756,0.000000,0.039914,0.115100,0.112305,0.097065,0.085305,0.096312,0.108430,0.045513,0.059853,0.105656,0.091516,0.093240,0.100964,0.029545,0.015860,0.101774,0.058061,0.085677,0.049817,0.086878,0.091194,0.094699,0.028391,0.053939
0.017720,0.038756,0.039914,0.000000,0.077853,0.075057,0.060842,0.048057,0.060090,0.071183,0.005599,0.099767,0.065738,0.055294,0.055993,0.063717,0.016387,0.030369,0.065556,0.018143,0.048430,0.013595,0.046964,0.053946,0.057452,0.031462,0.017720
0.060018,0.070620,0.115100,0.077853,0.000000,0.008495,0.046756,0.071215,0.031176,0.094341,0.083448,0.174950,0.143591,0.041208,0.057355,0.020885,0.094240,0.105552,0.038631,0.095996,0.036706,0.067896,0.093986,0.029133,0.080609,0.109315,0.060018
0.057222,0.067824,0.112305,0.075057,0.008495,0.000000,0.043964,0.094380,0.028380,0.117505,0.080652,0.172158,0.140796,0.038412,0.065577,0.029462,0.091444,0.102756,0.035835,0.093201,0.045147,0.065100,0.106659,0.037570,0.103774,0.106520,0.057222
0.058516,0.042194,0.098093,0.060842,0.046756,0.043964,0.000000,0.106233,0.015584,0.129358,0.066441,0.157943,0.126581,0.010789,0.095330,0.060699,0.077233,0.088545,0.010133,0.078989,0.071867,0.051093,0.107806,0.058194,0.115627,0.092305,0.058516
0.047685,0.084143,0.085305,0.048057,0.071215,0.094380,0.106233,0.000000,0.095186,0.040290,0.053652,0.145158,0.100867,0.100685,0.016416,0.047466,0.064444,0.075760,0.110946,0.066201,0.037312,0.058986,0.057728,0.047068,0.023229,0.079520,0.047685
0.057760,0.041441,0.097341,0.060090,0.031176,0.028380,0.015584,0.105480,0.000000,0.128606,0.065688,0.157190,0.125828,0.010036,0.084244,0.040975,0.076480,0.087792,0.007455,0.078237,0.060731,0.050341,0.107054,0.049480,0.114875,0.091552,0.057760
0.070814,0.107269,0.108430,0.071183,0.094341,0.117505,0.129358,0.040290,0.118312,0.000000,0.062878,0.133731,0.083824,0.123810,0.055871,0.079968,0.061376,0.098885,0.134072,0.058810,0.061871,0.082111,0.040685,0.070194,0.023986,0.076448,0.070814
0.023315,0.044351,0.045513,0.005599,0.083448,0.080652,0.066441,0.053652,0.065688,0.062681,0.000000,0.090563,0.060140,0.060892,0.061588,0.069312,0.010792,0.035968,0.071154,0.012548,0.054029,0.019194,0.041366,0.059541,0.049384,0.025864,0.023315
0.127552,0.158806,0.065043,0.109832,0.187685,0.184889,0.170674,0.144961,0.169921,0.127918,0.104237,0.000000,0.053430,0.165125,0.159290,0.166842,0.102495,0.125061,0.175387,0.091688,0.148749,0.123430,0.087233,0.157072,0.134681,0.071631,0.127552
0.083459,0.104495,0.105656,0.065738,0.143591,0.140796,0.126581,0.100867,0.125828,0.083824,0.060140,0.059244,0.000000,0.121032,0.115197,0.122749,0.058401,0.096108,0.131294,0.047595,0.104656,0.079337,0.043140,0.112978,0.090584,0.073477,0.083459
0.052964,0.036645,0.092541,0.055294,0.041208,0.038412,0.010789,0.100685,0.010036,0.123810,0.060892,0.152394,0.121032,0.000000,0.089781,0.051007,0.071685,0.082996,0.014978,0.073441,0.066319,0.045545,0.102258,0.052645,0.110079,0.086756,0.052964
0.044297,0.073244,0.093240,0.055993,0.057355,0.065577,0.086419,0.016416,0.084244,0.055871,0.061588,0.153093,0.115197,0.080871,0.000000,0.036376,0.072380,0.083692,0.091699,0.074136,0.023638,0.066921,0.072057,0.036211,0.038810,0.087455,0.044297
0.045885,0.056484,0.100964,0.063717,0.020885,0.029462,0.060699,0.047466,0.040975,0.079968,0.069312,0.160817,0.122749,0.051007,0.036376,0.000000,0.080104,0.091419,0.048430,0.081860,0.022333,0.053978,0.079609,0.014756,0.066237,0.095179,0.045885
0.034108,0.055143,0.029545,0.016387,0.094240,0.091444,0.077233,0.064444,0.076480,0.061376,0.010792,0.079771,0.058401,0.071685,0.072380,0.080104,0.000000,0.046760,0.081946,0.010810,0.064821,0.029986,0.039627,0.070333,0.047645,0.015072,0.034108
0.044394,0.044211,0.015860,0.030369,0.105552,0.102756,0.087516,0.075760,0.086763,0.098885,0.035968,0.075713,0.096108,0.081968,0.083692,0.091419,0.046760,0.000000,0.092229,0.048516,0.076133,0.040269,0.077333,0.081645,0.085154,0.049172,0.044394
0.063226,0.046907,0.102803,0.065556,0.038631,0.035835,0.010133,0.110946,0.007455,0.134072,0.071154,0.162656,0.131294,0.014978,0.091699,0.048430,0.081946,0.093258,0.000000,0.083703,0.068186,0.055806,0.112520,0.056935,0.120341,0.097018,0.063226
0.035864,0.056900,0.058061,0.018143,0.095996,0.093201,0.078989,0.066201,0.078237,0.054495,0.012548,0.090581,0.047595,0.073441,0.074136,0.081860,0.010810,0.048516,0.083703,0.000000,0.066577,0.031742,0.028817,0.072090,0.049401,0.025882,0.035864
0.030599,0.049781,0.085677,0.048430,0.036706,0.045147,0.071867,0.034401,0.060731,0.064781,0.054029,0.145530,0.107563,0.066319,0.023638,0.022333,0.064821,0.076133,0.068186,0.066577,0.000000,0.038473,0.064427,0.012563,0.051050,0.079892,0.030599
0.011269,0.024294,0.050846,0.013595,0.067896,0.065100,0.051093,0.058986,0.050341,0.082111,0.019194,0.110695,0.079337,0.045545,0.066921,0.053978,0.029986,0.041297,0.055806,0.031742,0.038473,0.000000,0.060559,0.044208,0.068380,0.045057,0.011269
0.059968,0.085717,0.086878,0.046964,0.093986,0.106659,0.107806,0.057728,0.107054,0.040685,0.041366,0.093047,0.043140,0.102258,0.072057,0.079609,0.039627,0.077333,0.112520,0.028817,0.061516,0.060559,0.000000,0.069839,0.047448,0.054699,0.059968
0.036111,0.046713,0.091194,0.053946,0.029133,0.037570,0.058194,0.047068,0.049480,0.070194,0.059541,0.151043,0.112978,0.052645,0.036211,0.014756,0.070333,0.081645,0.056935,0.072090,0.012563,0.044208,0.069839,0.000000,0.056462,0.085405,0.036111
0.057082,0.093541,0.094699,0.057452,0.080609,0.103774,0.115627,0.023229,0.104581,0.023351,0.049384,0.140495,0.090584,0.110079,0.038810,0.066237,0.047645,0.085154,0.120341,0.049401,0.048140,0.068380,0.047448,0.056462,0.000000,0.062717,0.057082
0.049183,0.070219,0.028391,0.031462,0.109315,0.106520,0.092305,0.079520,0.091552,0.076448,0.025864,0.066437,0.073477,0.086756,0.087455,0.095179,0.015072,0.044254,0.097018,0.025882,0.079892,0.045057,0.054699,0.085405,0.062717,0.000000,0.049183
0.000000,0.036427,0.054968,0.017720,0.060018,0.057222,0.058513,0.047685,0.057760,0.070814,0.023315,0.114821,0.083459,0.052964,0.045165,0.045885,0.034108,0.045423,0.063226,0.035864,0.030599,0.011269,0.059968,0.036111,0.057082,0.049183,0.000000
