customer_id,demand,open_time,close_time,service_time
1,42.12,0.33,2.43,0.25
2,33.15,18.9,20.67,0.25
3,40.81,27.5,29.0,0.25
4,39.69,1.0,3.07,0.25
5,23.46,18.2,19.77,0.25
6,15.48,14.97,16.8,0.25
7,34.38,2.17,4.8,0.25
8,49.34,8.7,10.53,0.25
9,38.5,5.63,7.47,0.25
10,41.48,5.97,8.47,0.25
11,35.3,8.5,10.8,0.25
12,29.77,30.4,32.23,0.25
13,37.64,21.73,24.03,0.25
14,24.84,12.8,14.3,0.25
15,43.26,2.17,4.87,0.25
16,3.4,17.8,20.17,0.25
17,48.43,27.07,29.43,0.25
18,4.94,11.9,13.67,0.25
19,27.35,20.73,23.37,0.25
20,20.15,15.83,17.6,0.25
21,5.35,0.5,2.23,0.25
22,36.21,24.4,25.9,0.25
23,1.53,5.67,7.5,0.08
24,1.96,3.3,4.93,0.08
25,1.42,9.27,11.5,0.08
26,2.03,30.47,32.17,0.08
27,1.44,20.7,23.4,0.08
28,2.36,24.23,26.07,0.08
29,2.18,14.93,16.83,0.08
30,1.27,11.93,13.5,0.08
