0,0.1555555556,0.1555555556,0.1333333333,0.3777777778,0.4222222222,0.1111111111,0.1333333333,0.1333333333,0.4222222222,0.1555555556,0.4,0.2,0.3777777778,0.1777777778,0.1777777778,0.1555555556,0.3555555556,0.08888888889,0.1333333333,0.08888888889,0.1777777778,0.3777777778,0.3333333333,0
0.1555555556,0,0.02222222222,0.04444444444,0.2666666667,0.2888888889,0.2222222222,0.2,0.02222222222,0.2888888889,0.04444444444,0.2888888889,0.04444444444,0.2666666667,0.04444444444,0.02222222222,0.06666666667,0.2444444444,0.2222222222,0.02222222222,0.2222222222,0.06666666667,0.2666666667,0.2,0.1555555556
0.1555555556,0.02222222222,0,0.02222222222,0.2444444444,0.2666666667,0.2222222222,0.2,0.04444444444,0.2666666667,0.02222222222,0.2666666667,0.04444444444,0.2444444444,0.02222222222,0.04444444444,0.06666666667,0.2222222222,0.2,0.04444444444,0.2222222222,0.04444444444,0.2444444444,0.1777777778,0.1555555556
0.1333333333,0.04444444444,0.02222222222,0,0.2666666667,0.2888888889,0.2,0.1777777778,0.02222222222,0.2888888889,0.04444444444,0.2888888889,0.06666666667,0.2666666667,0.04444444444,0.06666666667,0.04444444444,0.2444444444,0.1777777778,0.02222222222,0.2,0.06666666667,0.2666666667,0.2,0.1333333333
0.3777777778,0.2666666667,0.2444444444,0.2666666667,0,0.1111111111,0.2666666667,0.2444444444,0.2888888889,0.04444444444,0.2222222222,0.1333333333,0.2666666667,0.08888888889,0.2222222222,0.2888888889,0.2222222222,0.02222222222,0.2888888889,0.2666666667,0.3111111111,0.2,0.1555555556,0.06666666667,0.3777777778
0.4222222222,0.2888888889,0.2666666667,0.2888888889,0.1111111111,0,0.3111111111,0.2888888889,0.3111111111,0.08888888889,0.2666666667,0.02222222222,0.3111111111,0.04444444444,0.2444444444,0.3111111111,0.2666666667,0.08888888889,0.3333333333,0.3111111111,0.3333333333,0.2444444444,0.04444444444,0.08888888889,0.4222222222
0.1111111111,0.2222222222,0.2222222222,0.2,0.2666666667,0.3111111111,0,0.02222222222,0.2,0.3111111111,0.2,0.2888888889,0.2666666667,0.2666666667,0.2222222222,0.2444444444,0.1555555556,0.2444444444,0.02222222222,0.2222222222,0.04444444444,0.1777777778,0.2666666667,0.2222222222,0.1111111111
0.1333333333,0.2,0.2,0.1777777778,0.2444444444,0.2888888889,0.02222222222,0,0.1777777778,0.2888888889,0.1777777778,0.2666666667,0.2444444444,0.2444444444,0.2,0.2222222222,0.1333333333,0.2222222222,0.04444444444,0.2,0.06666666667,0.1555555556,0.2444444444,0.2,0.1333333333
0.1333333333,0.02222222222,0.04444444444,0.02222222222,0.2888888889,0.3111111111,0.2,0.1777777778,0,0.3111111111,0.06666666667,0.3111111111,0.06666666667,0.2888888889,0.06666666667,0.04444444444,0.06666666667,0.2666666667,0.2,0.02222222222,0.2,0.08888888889,0.2888888889,0.2222222222,0.1333333333
0.4222222222,0.2888888889,0.2666666667,0.2888888889,0.04444444444,0.08888888889,0.3111111111,0.2888888889,0.3111111111,0,0.2666666667,0.08888888889,0.3111111111,0.04444444444,0.2444444444,0.3111111111,0.2666666667,0.06666666667,0.3333333333,0.3111111111,0.3333333333,0.2444444444,0.1111111111,0.08888888889,0.4222222222
0.1555555556,0.04444444444,0.02222222222,0.04444444444,0.2222222222,0.2666666667,0.2,0.1777777778,0.06666666667,0.2666666667,0,0.2444444444,0.06666666667,0.2222222222,0.02222222222,0.06666666667,0.04444444444,0.2,0.1777777778,0.04444444444,0.2,0.04444444444,0.2222222222,0.1777777778,0.1555555556
0.4,0.2888888889,0.2666666667,0.2888888889,0.1333333333,0.02222222222,0.2888888889,0.2666666667,0.3111111111,0.08888888889,0.2444444444,0,0.2888888889,0.06666666667,0.2444444444,0.3111111111,0.2444444444,0.1111111111,0.3111111111,0.2888888889,0.3333333333,0.2222222222,0.02222222222,0.08888888889,0.4
0.2,0.04444444444,0.04444444444,0.06666666667,0.2666666667,0.3111111111,0.2666666667,0.2444444444,0.06666666667,0.3111111111,0.06666666667,0.2888888889,0,0.2666666667,0.06666666667,0.02222222222,0.1111111111,0.2444444444,0.2444444444,0.06666666667,0.2666666667,0.08888888889,0.2666666667,0.2222222222,0.2
0.3777777778,0.2666666667,0.2444444444,0.2666666667,0.08888888889,0.04444444444,0.2666666667,0.2444444444,0.2888888889,0.04444444444,0.2222222222,0.06666666667,0.2666666667,0,0.2222222222,0.2888888889,0.2222222222,0.06666666667,0.2888888889,0.2666666667,0.3111111111,0.2,0.08888888889,0.06666666667,0.3777777778
0.1777777778,0.04444444444,0.02222222222,0.04444444444,0.2222222222,0.2444444444,0.2222222222,0.2,0.06666666667,0.2444444444,0.02222222222,0.2444444444,0.06666666667,0.2222222222,0,0.06666666667,0.06666666667,0.2,0.2,0.06666666667,0.2222222222,0.04444444444,0.2222222222,0.1555555556,0.1777777778
0.1777777778,0.02222222222,0.04444444444,0.06666666667,0.2888888889,0.3111111111,0.2444444444,0.2222222222,0.04444444444,0.3111111111,0.06666666667,0.3111111111,0.02222222222,0.2888888889,0.06666666667,0,0.08888888889,0.2666666667,0.2444444444,0.04444444444,0.2444444444,0.08888888889,0.2888888889,0.2222222222,0.1777777778
0.1555555556,0.06666666667,0.06666666667,0.04444444444,0.2222222222,0.2666666667,0.1555555556,0.1333333333,0.06666666667,0.2666666667,0.04444444444,0.2444444444,0.1111111111,0.2222222222,0.06666666667,0.08888888889,0,0.2,0.1555555556,0.06666666667,0.1555555556,0.02222222222,0.2222222222,0.1777777778,0.1555555556
0.3555555556,0.2444444444,0.2222222222,0.2444444444,0.02222222222,0.08888888889,0.2444444444,0.2222222222,0.2666666667,0.06666666667,0.2,0.1111111111,0.2444444444,0.06666666667,0.2,0.2666666667,0.2,0,0.2666666667,0.2444444444,0.2888888889,0.1777777778,0.1333333333,0.04444444444,0.3555555556
0.08888888889,0.2222222222,0.2,0.1777777778,0.2888888889,0.3333333333,0.02222222222,0.04444444444,0.2,0.3333333333,0.1777777778,0.3111111111,0.2444444444,0.2888888889,0.2,0.2444444444,0.1555555556,0.2666666667,0,0.2,0.02222222222,0.1777777778,0.2888888889,0.2444444444,0.08888888889
0.1333333333,0.02222222222,0.04444444444,0.02222222222,0.2666666667,0.3111111111,0.2222222222,0.2,0.02222222222,0.3111111111,0.04444444444,0.2888888889,0.06666666667,0.2666666667,0.06666666667,0.04444444444,0.06666666667,0.2444444444,0.2,0,0.2222222222,0.08888888889,0.2666666667,0.2222222222,0.1333333333
0.08888888889,0.2222222222,0.2222222222,0.2,0.3111111111,0.3333333333,0.04444444444,0.06666666667,0.2,0.3333333333,0.2,0.3333333333,0.2666666667,0.3111111111,0.2222222222,0.2444444444,0.1555555556,0.2888888889,0.02222222222,0.2222222222,0,0.1777777778,0.3111111111,0.2444444444,0.08888888889
0.1777777778,0.06666666667,0.04444444444,0.06666666667,0.2,0.2444444444,0.1777777778,0.1555555556,0.08888888889,0.2444444444,0.04444444444,0.2222222222,0.08888888889,0.2,0.04444444444,0.08888888889,0.02222222222,0.1777777778,0.1777777778,0.08888888889,0.1777777778,0,0.2,0.1555555556,0.1777777778
0.3777777778,0.2666666667,0.2444444444,0.2666666667,0.1555555556,0.04444444444,0.2666666667,0.2444444444,0.2888888889,0.1111111111,0.2222222222,0.02222222222,0.2666666667,0.08888888889,0.2222222222,0.2888888889,0.2222222222,0.1333333333,0.2888888889,0.2666666667,0.3111111111,0.2,0,0.1111111111,0.3777777778
0.3333333333,0.2,0.1777777778,0.2,0.06666666667,0.08888888889,0.2222222222,0.2,0.2222222222,0.08888888889,0.1777777778,0.08888888889,0.2222222222,0.06666666667,0.1555555556,0.2222222222,0.1777777778,0.04444444444,0.2444444444,0.2222222222,0.2444444444,0.1555555556,0.1111111111,0,0.3333333333
0,0.1555555556,0.1555555556,0.1333333333,0.3777777778,0.4222222222,0.1111111111,0.1333333333,0.1333333333,0.4222222222,0.1555555556,0.4,0.2,0.3777777778,0.1777777778,0.1777777778,0.1555555556,0.3555555556,0.08888888889,0.1333333333,0.08888888889,0.1777777778,0.3777777778,0.3333333333,0
