0,0.075,0.225,0.1,0.1125,0.0875,0.1875,0.1,0.0875,0.075,0.0875,0.075,0.0875,0.1,0.2125,0
0.075,0,0.175,0.05,0.0375,0.025,0.125,0.025,0.0125,0.0125,0.0375,0.0125,0.0375,0.0375,0.1625,0.075
0.225,0.175,0,0.125,0.1625,0.15,0.05,0.175,0.1625,0.1625,0.1375,0.1625,0.1375,0.1375,0.0125,0.225
0.1,0.05,0.125,0,0.05,0.025,0.0875,0.05,0.0375,0.05,0.025,0.0375,0.0125,0.025,0.1125,0.1
0.1125,0.0375,0.1625,0.05,0,0.025,0.125,0.0125,0.025,0.0375,0.0375,0.0375,0.0625,0.0375,0.15,0.1125
0.0875,0.025,0.15,0.025,0.025,0,0.1,0.025,0.0125,0.025,0.0125,0.0125,0.0375,0.0125,0.1375,0.0875
0.1875,0.125,0.05,0.0875,0.125,0.1,0,0.125,0.1125,0.125,0.1,0.1125,0.1,0.0875,0.0625,0.1875
0.1,0.025,0.175,0.05,0.0125,0.025,0.125,0,0.0125,0.025,0.0375,0.0375,0.05,0.0375,0.1625,0.1
0.0875,0.0125,0.1625,0.0375,0.025,0.0125,0.1125,0.0125,0,0.0125,0.025,0.025,0.0375,0.025,0.15,0.0875
0.075,0.0125,0.1625,0.05,0.0375,0.025,0.125,0.025,0.0125,0,0.025,0.0125,0.0375,0.0375,0.15,0.075
0.0875,0.0375,0.1375,0.025,0.0375,0.0125,0.1,0.0375,0.025,0.025,0,0.025,0.025,0.0125,0.125,0.0875
0.075,0.0125,0.1625,0.0375,0.0375,0.0125,0.1125,0.0375,0.025,0.0125,0.025,0,0.025,0.025,0.15,0.075
0.0875,0.0375,0.1375,0.0125,0.0625,0.0375,0.1,0.05,0.0375,0.0375,0.025,0.025,0,0.0375,0.125,0.0875
0.1,0.0375,0.1375,0.025,0.0375,0.0125,0.0875,0.0375,0.025,0.0375,0.0125,0.025,0.0375,0,0.125,0.1
0.2125,0.1625,0.0125,0.1125,0.15,0.1375,0.0625,0.1625,0.15,0.15,0.125,0.15,0.125,0.125,0,0.2125
0,0.075,0.225,0.1,0.1125,0.0875,0.1875,0.1,0.0875,0.075,0.0875,0.075,0.0875,0.1,0.2125,0
