node_id,node_type,x,y
0,start_depot,,
1,customer,,
2,customer,,
3,customer,,
4,customer,,
5,customer,,
6,customer,,
7,customer,,
8,customer,,
9,customer,,
10,customer,,
11,customer,,
12,customer,,
13,customer,,
14,customer,,
15,customer,,
16,customer,,
17,customer,,
18,customer,,
19,customer,,
20,customer,,
21,customer,,
22,customer,,
23,customer,,
24,customer,,
25,customer,,
26,customer,,
27,customer,,
28,customer,,
29,customer,,
30,customer,,
31,customer,,
32,customer,,
33,customer,,
34,customer,,
35,customer,,
36,customer,,
37,customer,,
38,customer,,
39,customer,,
40,customer,,
41,end_depot,,
