0,0.369,0.285,0.04,0.728,0.561,0.478,0.649,0.781,0.539,0.22,0
0.369,0,0.461,0.409,0.554,0.382,0.774,1.01,0.961,0.718,0.581,0.369
0.285,0.461,0,0.245,1.014,0.824,0.763,0.852,0.5,0.328,0.364,0.285
0.04,0.409,0.245,0,0.768,0.601,0.518,0.641,0.742,0.501,0.213,0.04
0.729,0.555,1.013,0.769,0,0.428,0.665,0.903,1.513,1.277,0.95,0.729
0.561,0.382,0.821,0.601,0.427,0,0.972,1.208,1.321,1.082,0.781,0.561
0.475,0.774,0.748,0.515,0.665,0.968,0,0.294,1.148,0.909,0.587,0.475
0.649,1.016,0.852,0.641,0.903,1.206,0.294,0,0.864,0.615,0.487,0.649
0.781,0.972,0.511,0.756,1.525,1.335,1.155,0.864,0,0.249,0.565,0.781
0.538,0.718,0.328,0.501,1.276,1.082,0.906,0.615,0.249,0,0.315,0.538
0.22,0.59,0.364,0.213,0.949,0.781,0.587,0.487,0.565,0.315,0,0.22
0,0.369,0.285,0.04,0.728,0.561,0.478,0.649,0.781,0.539,0.22,0
