0,0.0615,0.0475,0.006666666667,0.1213333333,0.0935,0.07966666667,0.1081666667,0.1301666667,0.08983333333,0.03666666667,0
0.0615,0,0.07683333333,0.06816666667,0.09233333333,0.06366666667,0.129,0.1683333333,0.1601666667,0.1196666667,0.09683333333,0.0615
0.0475,0.07683333333,0,0.04083333333,0.169,0.1373333333,0.1271666667,0.142,0.08333333333,0.05466666667,0.06066666667,0.0475
0.006666666667,0.06816666667,0.04083333333,0,0.128,0.1001666667,0.08633333333,0.1068333333,0.1236666667,0.0835,0.0355,0.006666666667
0.1215,0.0925,0.1688333333,0.1281666667,0,0.07133333333,0.1108333333,0.1505,0.2521666667,0.2128333333,0.1583333333,0.1215
0.0935,0.06366666667,0.1368333333,0.1001666667,0.07116666667,0,0.162,0.2013333333,0.2201666667,0.1803333333,0.1301666667,0.0935
0.07916666667,0.129,0.1246666667,0.08583333333,0.1108333333,0.1613333333,0,0.049,0.1913333333,0.1515,0.09783333333,0.07916666667
0.1081666667,0.1693333333,0.142,0.1068333333,0.1505,0.201,0.049,0,0.144,0.1025,0.08116666667,0.1081666667
0.1301666667,0.162,0.08516666667,0.126,0.2541666667,0.2225,0.1925,0.144,0,0.0415,0.09416666667,0.1301666667
0.08966666667,0.1196666667,0.05466666667,0.0835,0.2126666667,0.1803333333,0.151,0.1025,0.0415,0,0.0525,0.08966666667
0.03666666667,0.09833333333,0.06066666667,0.0355,0.1581666667,0.1301666667,0.09783333333,0.08116666667,0.09416666667,0.0525,0,0.03666666667
0,0.0615,0.0475,0.006666666667,0.1213333333,0.0935,0.07966666667,0.1081666667,0.1301666667,0.08983333333,0.03666666667,0
