0.000000,0.010400,0.006322,0.000887,0.020316,0.017331,0.014516,0.014444,0.017560,0.013624,0.004916,0.000000
0.008216,0.000000,0.010256,0.009100,0.012360,0.008113,0.017387,0.022631,0.021493,0.017558,0.013131,0.008216
0.007662,0.010256,0.000000,0.005436,0.022684,0.017153,0.016887,0.020927,0.011238,0.007302,0.009424,0.007662
0.006909,0.009516,0.005436,0.000000,0.020151,0.016444,0.016133,0.014282,0.016673,0.012738,0.004753,0.006909
0.016336,0.012360,0.022684,0.017220,0.000000,0.012289,0.014724,0.020076,0.033922,0.029987,0.021251,0.016336
0.013602,0.009640,0.017153,0.014489,0.012289,0.000000,0.022740,0.027984,0.028391,0.024453,0.018518,0.013602
0.013436,0.020287,0.019787,0.014322,0.017293,0.025640,0.000000,0.006482,0.025589,0.020107,0.013049,0.013436
0.015782,0.022631,0.018927,0.016667,0.022753,0.027984,0.009962,0.000000,0.019056,0.013624,0.012207,0.015782
0.018900,0.021493,0.011238,0.016673,0.033922,0.028391,0.028124,0.019056,0.000000,0.005431,0.012473,0.018900
0.014964,0.017558,0.007302,0.012738,0.029987,0.024453,0.024189,0.013624,0.005431,0.000000,0.007042,0.014964
0.011076,0.013682,0.008844,0.008847,0.026098,0.025996,0.020300,0.014162,0.012600,0.008662,0.000000,0.011076
0.000000,0.010400,0.006322,0.000887,0.020316,0.017331,0.014516,0.014444,0.017560,0.013624,0.004916,0.000000
