0,0.0104,0.006322222222,0.0008866666667,0.02031555556,0.01733111111,0.01451555556,0.01444444444,0.01756,0.01362444444,0.004915555556,0
0.008215555556,0,0.01025555556,0.0091,0.01236,0.008113333333,0.01738666667,0.02263111111,0.02149333333,0.01755777778,0.01313111111,0.008215555556
0.007662222222,0.01025555556,0,0.005435555556,0.02268444444,0.01715333333,0.01688666667,0.02092666667,0.01123777778,0.007302222222,0.009424444444,0.007662222222
0.006908888889,0.009515555556,0.005435555556,0,0.02015111111,0.01644444444,0.01613333333,0.01428222222,0.01667333333,0.01273777778,0.004753333333,0.006908888889
0.01633555556,0.01236,0.02268444444,0.01722,0,0.01228888889,0.01472444444,0.02007555556,0.03392222222,0.02998666667,0.02125111111,0.01633555556
0.01360222222,0.00964,0.01715333333,0.01448888889,0.01228888889,0,0.02274,0.02798444444,0.02839111111,0.02445333333,0.01851777778,0.01360222222
0.01343555556,0.02028666667,0.01978666667,0.01432222222,0.01729333333,0.02564,0,0.006482222222,0.02558888889,0.02010666667,0.01304888889,0.01343555556
0.01578222222,0.02263111111,0.01892666667,0.01666666667,0.02275333333,0.02798444444,0.009962222222,0,0.01905555556,0.01362444444,0.01220666667,0.01578222222
0.0189,0.02149333333,0.01123777778,0.01667333333,0.03392222222,0.02839111111,0.02812444444,0.01905555556,0,0.005431111111,0.01247333333,0.0189
0.01496444444,0.01755777778,0.007302222222,0.01273777778,0.02998666667,0.02445333333,0.02418888889,0.01362444444,0.005431111111,0,0.007042222222,0.01496444444
0.01107555556,0.01368222222,0.008844444444,0.008846666667,0.02609777778,0.02599555556,0.0203,0.01416222222,0.0126,0.008662222222,0,0.01107555556
0,0.0104,0.006322222222,0.0008866666667,0.02031555556,0.01733111111,0.01451555556,0.01444444444,0.01756,0.01362444444,0.004915555556,0
