i,j,distance,truck_time,drone_time,robot_distance,robot_time
0,1,15.0,0.3333333333333333,0.1875,15.0,2.5
0,2,12.0,0.26666666666666666,0.15,12.0,2.0
0,3,9.0,0.2,0.1125,9.0,1.5
0,4,19.0,0.4222222222222222,0.2375,19.0,3.1666666666666665
0,5,9.0,0.2,0.1125,9.0,1.5
0,6,12.0,0.26666666666666666,0.15,12.0,2.0
0,7,12.0,0.26666666666666666,0.15,12.0,2.0
0,8,13.0,0.28888888888888886,0.1625,13.0,2.1666666666666665
0,9,7.0,0.15555555555555556,0.0875,7.0,1.1666666666666667
0,10,12.0,0.26666666666666666,0.15,12.0,2.0
0,11,13.0,0.28888888888888886,0.1625,13.0,2.1666666666666665
0,12,10.0,0.2222222222222222,0.125,10.0,1.6666666666666667
0,13,1.0,0.022222222222222223,0.0125,1.0,0.16666666666666666
0,14,12.0,0.26666666666666666,0.15,12.0,2.0
0,15,15.0,0.3333333333333333,0.1875,15.0,2.5
0,16,22.0,0.4888888888888889,0.275,22.0,3.6666666666666665
0,17,19.0,0.4222222222222222,0.2375,19.0,3.1666666666666665
0,18,7.0,0.15555555555555556,0.0875,7.0,1.1666666666666667
0,19,7.0,0.15555555555555556,0.0875,7.0,1.1666666666666667
0,20,7.0,0.15555555555555556,0.0875,7.0,1.1666666666666667
0,21,20.0,0.4444444444444444,0.25,20.0,3.3333333333333335
0,22,0.0,0.0,0.0,0.0,0.0
1,2,4.0,0.08888888888888889,0.05,4.0,0.6666666666666666
1,3,24.0,0.5333333333333333,0.3,24.0,4.0
1,4,4.0,0.08888888888888889,0.05,4.0,0.6666666666666666
1,5,14.0,0.3111111111111111,0.175,14.0,2.3333333333333335
1,6,14.0,0.3111111111111111,0.175,14.0,2.3333333333333335
1,7,10.0,0.2222222222222222,0.125,10.0,1.6666666666666667
1,8,6.0,0.13333333333333333,0.075,6.0,1.0
1,9,9.0,0.2,0.1125,9.0,1.5
1,10,14.0,0.3111111111111111,0.175,14.0,2.3333333333333335
1,11,11.0,0.24444444444444444,0.1375,11.0,1.8333333333333333
1,12,5.0,0.1111111111111111,0.0625,5.0,0.8333333333333334
1,13,15.0,0.3333333333333333,0.1875,15.0,2.5
1,14,7.0,0.15555555555555556,0.0875,7.0,1.1666666666666667
1,15,17.0,0.37777777777777777,0.2125,17.0,2.8333333333333335
1,16,7.0,0.15555555555555556,0.0875,7.0,1.1666666666666667
1,17,14.0,0.3111111111111111,0.175,14.0,2.3333333333333335
1,18,15.0,0.3333333333333333,0.1875,15.0,2.5
1,19,22.0,0.4888888888888889,0.275,22.0,3.6666666666666665
1,20,19.0,0.4222222222222222,0.2375,19.0,3.1666666666666665
1,21,5.0,0.1111111111111111,0.0625,5.0,0.8333333333333334
1,22,15.0,0.3333333333333333,0.1875,15.0,2.5
2,1,4.0,0.08888888888888889,0.05,4.0,0.6666666666666666
2,3,20.0,0.4444444444444444,0.25,20.0,3.3333333333333335
2,4,7.0,0.15555555555555556,0.0875,7.0,1.1666666666666667
2,5,10.0,0.2222222222222222,0.125,10.0,1.6666666666666667
2,6,14.0,0.3111111111111111,0.175,14.0,2.3333333333333335
2,7,14.0,0.3111111111111111,0.175,14.0,2.3333333333333335
2,8,10.0,0.2222222222222222,0.125,10.0,1.6666666666666667
2,9,9.0,0.2,0.1125,9.0,1.5
2,10,10.0,0.2222222222222222,0.125,10.0,1.6666666666666667
2,11,8.0,0.17777777777777778,0.1,8.0,1.3333333333333333
2,12,5.0,0.1111111111111111,0.0625,5.0,0.8333333333333334
2,13,12.0,0.26666666666666666,0.15,12.0,2.0
2,14,4.0,0.08888888888888889,0.05,4.0,0.6666666666666666
2,15,14.0,0.3111111111111111,0.175,14.0,2.3333333333333335
2,16,10.0,0.2222222222222222,0.125,10.0,1.6666666666666667
2,17,10.0,0.2222222222222222,0.125,10.0,1.6666666666666667
2,18,12.0,0.26666666666666666,0.15,12.0,2.0
2,19,19.0,0.4222222222222222,0.2375,19.0,3.1666666666666665
2,20,15.0,0.3333333333333333,0.1875,15.0,2.5
2,21,9.0,0.2,0.1125,9.0,1.5
2,22,12.0,0.26666666666666666,0.15,12.0,2.0
3,1,24.0,0.5333333333333333,0.3,24.0,4.0
3,2,20.0,0.4444444444444444,0.25,20.0,3.3333333333333335
3,4,27.0,0.6,0.3375,27.0,4.5
3,5,10.0,0.2222222222222222,0.125,10.0,1.6666666666666667
3,6,14.0,0.3111111111111111,0.175,14.0,2.3333333333333335
3,7,14.0,0.3111111111111111,0.175,14.0,2.3333333333333335
3,8,21.0,0.4666666666666667,0.2625,21.0,3.5
3,9,15.0,0.3333333333333333,0.1875,15.0,2.5
3,10,17.0,0.37777777777777777,0.2125,17.0,2.8333333333333335
3,11,21.0,0.4666666666666667,0.2625,21.0,3.5
3,12,19.0,0.4222222222222222,0.2375,19.0,3.1666666666666665
3,13,9.0,0.2,0.1125,9.0,1.5
3,14,20.0,0.4444444444444444,0.25,20.0,3.3333333333333335
3,15,14.0,0.3111111111111111,0.175,14.0,2.3333333333333335
3,16,30.0,0.6666666666666666,0.375,30.0,5.0
3,17,27.0,0.6,0.3375,27.0,4.5
3,18,9.0,0.2,0.1125,9.0,1.5
3,19,5.0,0.1111111111111111,0.0625,5.0,0.8333333333333334
3,20,5.0,0.1111111111111111,0.0625,5.0,0.8333333333333334
3,21,29.0,0.6444444444444445,0.3625,29.0,4.833333333333333
3,22,9.0,0.2,0.1125,9.0,1.5
4,1,4.0,0.08888888888888889,0.05,4.0,0.6666666666666666
4,2,7.0,0.15555555555555556,0.0875,7.0,1.1666666666666667
4,3,27.0,0.6,0.3375,27.0,4.5
4,5,17.0,0.37777777777777777,0.2125,17.0,2.8333333333333335
4,6,17.0,0.37777777777777777,0.2125,17.0,2.8333333333333335
4,7,14.0,0.3111111111111111,0.175,14.0,2.3333333333333335
4,8,6.0,0.13333333333333333,0.075,6.0,1.0
4,9,12.0,0.26666666666666666,0.15,12.0,2.0
4,10,17.0,0.37777777777777777,0.2125,17.0,2.8333333333333335
4,11,15.0,0.3333333333333333,0.1875,15.0,2.5
4,12,9.0,0.2,0.1125,9.0,1.5
4,13,19.0,0.4222222222222222,0.2375,19.0,3.1666666666666665
4,14,10.0,0.2222222222222222,0.125,10.0,1.6666666666666667
4,15,20.0,0.4444444444444444,0.25,20.0,3.3333333333333335
4,16,10.0,0.2222222222222222,0.125,10.0,1.6666666666666667
4,17,17.0,0.37777777777777777,0.2125,17.0,2.8333333333333335
4,18,19.0,0.4222222222222222,0.2375,19.0,3.1666666666666665
4,19,25.0,0.5555555555555556,0.3125,25.0,4.166666666666667
4,20,22.0,0.4888888888888889,0.275,22.0,3.6666666666666665
4,21,5.0,0.1111111111111111,0.0625,5.0,0.8333333333333334
4,22,19.0,0.4222222222222222,0.2375,19.0,3.1666666666666665
5,1,14.0,0.3111111111111111,0.175,14.0,2.3333333333333335
5,2,10.0,0.2222222222222222,0.125,10.0,1.6666666666666667
5,3,10.0,0.2222222222222222,0.125,10.0,1.6666666666666667
5,4,17.0,0.37777777777777777,0.2125,17.0,2.8333333333333335
5,6,20.0,0.4444444444444444,0.25,20.0,3.3333333333333335
5,7,20.0,0.4444444444444444,0.25,20.0,3.3333333333333335
5,8,16.0,0.35555555555555557,0.2,16.0,2.6666666666666665
5,9,15.0,0.3333333333333333,0.1875,15.0,2.5
5,10,7.0,0.15555555555555556,0.0875,7.0,1.1666666666666667
5,11,11.0,0.24444444444444444,0.1375,11.0,1.8333333333333333
5,12,12.0,0.26666666666666666,0.15,12.0,2.0
5,13,8.0,0.17777777777777778,0.1,8.0,1.3333333333333333
5,14,10.0,0.2222222222222222,0.125,10.0,1.6666666666666667
5,15,7.0,0.15555555555555556,0.0875,7.0,1.1666666666666667
5,16,20.0,0.4444444444444444,0.25,20.0,3.3333333333333335
5,17,17.0,0.37777777777777777,0.2125,17.0,2.8333333333333335
5,18,15.0,0.3333333333333333,0.1875,15.0,2.5
5,19,12.0,0.26666666666666666,0.15,12.0,2.0
5,20,5.0,0.1111111111111111,0.0625,5.0,0.8333333333333334
5,21,19.0,0.4222222222222222,0.2375,19.0,3.1666666666666665
5,22,9.0,0.2,0.1125,9.0,1.5
6,1,14.0,0.3111111111111111,0.175,14.0,2.3333333333333335
6,2,14.0,0.3111111111111111,0.175,14.0,2.3333333333333335
6,3,14.0,0.3111111111111111,0.175,14.0,2.3333333333333335
6,4,17.0,0.37777777777777777,0.2125,17.0,2.8333333333333335
6,5,20.0,0.4444444444444444,0.25,20.0,3.3333333333333335
6,7,4.0,0.08888888888888889,0.05,4.0,0.6666666666666666
6,8,11.0,0.24444444444444444,0.1375,11.0,1.8333333333333333
6,9,5.0,0.1111111111111111,0.0625,5.0,0.8333333333333334
6,10,24.0,0.5333333333333333,0.3,24.0,4.0
6,11,21.0,0.4666666666666667,0.2625,21.0,3.5
6,12,9.0,0.2,0.1125,9.0,1.5
6,13,13.0,0.28888888888888886,0.1625,13.0,2.1666666666666665
6,14,17.0,0.37777777777777777,0.2125,17.0,2.8333333333333335
6,15,27.0,0.6,0.3375,27.0,4.5
6,16,20.0,0.4444444444444444,0.25,20.0,3.3333333333333335
6,17,24.0,0.5333333333333333,0.3,24.0,4.0
6,18,5.0,0.1111111111111111,0.0625,5.0,0.8333333333333334
6,19,9.0,0.2,0.1125,9.0,1.5
6,20,19.0,0.4222222222222222,0.2375,19.0,3.1666666666666665
6,21,19.0,0.4222222222222222,0.2375,19.0,3.1666666666666665
6,22,12.0,0.26666666666666666,0.15,12.0,2.0
7,1,10.0,0.2222222222222222,0.125,10.0,1.6666666666666667
7,2,14.0,0.3111111111111111,0.175,14.0,2.3333333333333335
7,3,14.0,0.3111111111111111,0.175,14.0,2.3333333333333335
7,4,14.0,0.3111111111111111,0.175,14.0,2.3333333333333335
7,5,20.0,0.4444444444444444,0.25,20.0,3.3333333333333335
7,6,4.0,0.08888888888888889,0.05,4.0,0.6666666666666666
7,8,8.0,0.17777777777777778,0.1,8.0,1.3333333333333333
7,9,5.0,0.1111111111111111,0.0625,5.0,0.8333333333333334
7,10,24.0,0.5333333333333333,0.3,24.0,4.0
7,11,21.0,0.4666666666666667,0.2625,21.0,3.5
7,12,9.0,0.2,0.1125,9.0,1.5
7,13,13.0,0.28888888888888886,0.1625,13.0,2.1666666666666665
7,14,17.0,0.37777777777777777,0.2125,17.0,2.8333333333333335
7,15,27.0,0.6,0.3375,27.0,4.5
7,16,17.0,0.37777777777777777,0.2125,17.0,2.8333333333333335
7,17,24.0,0.5333333333333333,0.3,24.0,4.0
7,18,5.0,0.1111111111111111,0.0625,5.0,0.8333333333333334
7,19,12.0,0.26666666666666666,0.15,12.0,2.0
7,20,19.0,0.4222222222222222,0.2375,19.0,3.1666666666666665
7,21,15.0,0.3333333333333333,0.1875,15.0,2.5
7,22,12.0,0.26666666666666666,0.15,12.0,2.0
8,1,6.0,0.13333333333333333,0.075,6.0,1.0
8,2,10.0,0.2222222222222222,0.125,10.0,1.6666666666666667
8,3,21.0,0.4666666666666667,0.2625,21.0,3.5
8,4,6.0,0.13333333333333333,0.075,6.0,1.0
8,5,16.0,0.35555555555555557,0.2,16.0,2.6666666666666665
8,6,11.0,0.24444444444444444,0.1375,11.0,1.8333333333333333
8,7,8.0,0.17777777777777778,0.1,8.0,1.3333333333333333
8,9,6.0,0.13333333333333333,0.075,6.0,1.0
8,10,20.0,0.4444444444444444,0.25,20.0,3.3333333333333335
8,11,17.0,0.37777777777777777,0.2125,17.0,2.8333333333333335
8,12,5.0,0.1111111111111111,0.0625,5.0,0.8333333333333334
8,13,13.0,0.28888888888888886,0.1625,13.0,2.1666666666666665
8,14,13.0,0.28888888888888886,0.1625,13.0,2.1666666666666665
8,15,23.0,0.5111111111111111,0.2875,23.0,3.8333333333333335
8,16,13.0,0.28888888888888886,0.1625,13.0,2.1666666666666665
8,17,20.0,0.4444444444444444,0.25,20.0,3.3333333333333335
8,18,13.0,0.28888888888888886,0.1625,13.0,2.1666666666666665
8,19,19.0,0.4222222222222222,0.2375,19.0,3.1666666666666665
8,20,16.0,0.35555555555555557,0.2,16.0,2.6666666666666665
8,21,8.0,0.17777777777777778,0.1,8.0,1.3333333333333333
8,22,13.0,0.28888888888888886,0.1625,13.0,2.1666666666666665
9,1,9.0,0.2,0.1125,9.0,1.5
9,2,9.0,0.2,0.1125,9.0,1.5
9,3,15.0,0.3333333333333333,0.1875,15.0,2.5
9,4,12.0,0.26666666666666666,0.15,12.0,2.0
9,5,15.0,0.3333333333333333,0.1875,15.0,2.5
9,6,5.0,0.1111111111111111,0.0625,5.0,0.8333333333333334
9,7,5.0,0.1111111111111111,0.0625,5.0,0.8333333333333334
9,8,6.0,0.13333333333333333,0.075,6.0,1.0
9,10,19.0,0.4222222222222222,0.2375,19.0,3.1666666666666665
9,11,16.0,0.35555555555555557,0.2,16.0,2.6666666666666665
9,12,4.0,0.08888888888888889,0.05,4.0,0.6666666666666666
9,13,8.0,0.17777777777777778,0.1,8.0,1.3333333333333333
9,14,12.0,0.26666666666666666,0.15,12.0,2.0
9,15,22.0,0.4888888888888889,0.275,22.0,3.6666666666666665
9,16,15.0,0.3333333333333333,0.1875,15.0,2.5
9,17,19.0,0.4222222222222222,0.2375,19.0,3.1666666666666665
9,18,7.0,0.15555555555555556,0.0875,7.0,1.1666666666666667
9,19,14.0,0.3111111111111111,0.175,14.0,2.3333333333333335
9,20,14.0,0.3111111111111111,0.175,14.0,2.3333333333333335
9,21,14.0,0.3111111111111111,0.175,14.0,2.3333333333333335
9,22,7.0,0.15555555555555556,0.0875,7.0,1.1666666666666667
10,1,14.0,0.3111111111111111,0.175,14.0,2.3333333333333335
10,2,10.0,0.2222222222222222,0.125,10.0,1.6666666666666667
10,3,17.0,0.37777777777777777,0.2125,17.0,2.8333333333333335
10,4,17.0,0.37777777777777777,0.2125,17.0,2.8333333333333335
10,5,7.0,0.15555555555555556,0.0875,7.0,1.1666666666666667
10,6,24.0,0.5333333333333333,0.3,24.0,4.0
10,7,24.0,0.5333333333333333,0.3,24.0,4.0
10,8,20.0,0.4444444444444444,0.25,20.0,3.3333333333333335
10,9,19.0,0.4222222222222222,0.2375,19.0,3.1666666666666665
10,11,5.0,0.1111111111111111,0.0625,5.0,0.8333333333333334
10,12,15.0,0.3333333333333333,0.1875,15.0,2.5
10,13,11.0,0.24444444444444444,0.1375,11.0,1.8333333333333333
10,14,7.0,0.15555555555555556,0.0875,7.0,1.1666666666666667
10,15,4.0,0.08888888888888889,0.05,4.0,0.6666666666666666
10,16,14.0,0.3111111111111111,0.175,14.0,2.3333333333333335
10,17,10.0,0.2222222222222222,0.125,10.0,1.6666666666666667
10,18,19.0,0.4222222222222222,0.2375,19.0,3.1666666666666665
10,19,15.0,0.3333333333333333,0.1875,15.0,2.5
10,20,12.0,0.26666666666666666,0.15,12.0,2.0
10,21,12.0,0.26666666666666666,0.15,12.0,2.0
10,22,12.0,0.26666666666666666,0.15,12.0,2.0
11,1,11.0,0.24444444444444444,0.1375,11.0,1.8333333333333333
11,2,8.0,0.17777777777777778,0.1,8.0,1.3333333333333333
11,3,21.0,0.4666666666666667,0.2625,21.0,3.5
11,4,15.0,0.3333333333333333,0.1875,15.0,2.5
11,5,11.0,0.24444444444444444,0.1375,11.0,1.8333333333333333
11,6,21.0,0.4666666666666667,0.2625,21.0,3.5
11,7,21.0,0.4666666666666667,0.2625,21.0,3.5
11,8,17.0,0.37777777777777777,0.2125,17.0,2.8333333333333335
11,9,16.0,0.35555555555555557,0.2,16.0,2.6666666666666665
11,10,5.0,0.1111111111111111,0.0625,5.0,0.8333333333333334
11,12,13.0,0.28888888888888886,0.1625,13.0,2.1666666666666665
11,13,13.0,0.28888888888888886,0.1625,13.0,2.1666666666666665
11,14,5.0,0.1111111111111111,0.0625,5.0,0.8333333333333334
11,15,8.0,0.17777777777777778,0.1,8.0,1.3333333333333333
11,16,9.0,0.2,0.1125,9.0,1.5
11,17,6.0,0.13333333333333333,0.075,6.0,1.0
11,18,16.0,0.35555555555555557,0.2,16.0,2.6666666666666665
11,19,20.0,0.4444444444444444,0.25,20.0,3.3333333333333335
11,20,16.0,0.35555555555555557,0.2,16.0,2.6666666666666665
11,21,10.0,0.2222222222222222,0.125,10.0,1.6666666666666667
11,22,13.0,0.28888888888888886,0.1625,13.0,2.1666666666666665
12,1,5.0,0.1111111111111111,0.0625,5.0,0.8333333333333334
12,2,5.0,0.1111111111111111,0.0625,5.0,0.8333333333333334
12,3,19.0,0.4222222222222222,0.2375,19.0,3.1666666666666665
12,4,9.0,0.2,0.1125,9.0,1.5
12,5,12.0,0.26666666666666666,0.15,12.0,2.0
12,6,9.0,0.2,0.1125,9.0,1.5
12,7,9.0,0.2,0.1125,9.0,1.5
12,8,5.0,0.1111111111111111,0.0625,5.0,0.8333333333333334
12,9,4.0,0.08888888888888889,0.05,4.0,0.6666666666666666
12,10,15.0,0.3333333333333333,0.1875,15.0,2.5
12,11,13.0,0.28888888888888886,0.1625,13.0,2.1666666666666665
12,13,10.0,0.2222222222222222,0.125,10.0,1.6666666666666667
12,14,9.0,0.2,0.1125,9.0,1.5
12,15,19.0,0.4222222222222222,0.2375,19.0,3.1666666666666665
12,16,12.0,0.26666666666666666,0.15,12.0,2.0
12,17,15.0,0.3333333333333333,0.1875,15.0,2.5
12,18,10.0,0.2222222222222222,0.125,10.0,1.6666666666666667
12,19,17.0,0.37777777777777777,0.2125,17.0,2.8333333333333335
12,20,14.0,0.3111111111111111,0.175,14.0,2.3333333333333335
12,21,10.0,0.2222222222222222,0.125,10.0,1.6666666666666667
12,22,10.0,0.2222222222222222,0.125,10.0,1.6666666666666667
13,1,15.0,0.3333333333333333,0.1875,15.0,2.5
13,2,12.0,0.26666666666666666,0.15,12.0,2.0
13,3,9.0,0.2,0.1125,9.0,1.5
13,4,19.0,0.4222222222222222,0.2375,19.0,3.1666666666666665
13,5,8.0,0.17777777777777778,0.1,8.0,1.3333333333333333
13,6,13.0,0.28888888888888886,0.1625,13.0,2.1666666666666665
13,7,13.0,0.28888888888888886,0.1625,13.0,2.1666666666666665
13,8,13.0,0.28888888888888886,0.1625,13.0,2.1666666666666665
13,9,8.0,0.17777777777777778,0.1,8.0,1.3333333333333333
13,10,11.0,0.24444444444444444,0.1375,11.0,1.8333333333333333
13,11,13.0,0.28888888888888886,0.1625,13.0,2.1666666666666665
13,12,10.0,0.2222222222222222,0.125,10.0,1.6666666666666667
13,14,12.0,0.26666666666666666,0.15,12.0,2.0
13,15,15.0,0.3333333333333333,0.1875,15.0,2.5
13,16,22.0,0.4888888888888889,0.275,22.0,3.6666666666666665
13,17,19.0,0.4222222222222222,0.2375,19.0,3.1666666666666665
13,18,8.0,0.17777777777777778,0.1,8.0,1.3333333333333333
13,19,7.0,0.15555555555555556,0.0875,7.0,1.1666666666666667
13,20,6.0,0.13333333333333333,0.075,6.0,1.0
13,21,20.0,0.4444444444444444,0.25,20.0,3.3333333333333335
13,22,1.0,0.022222222222222223,0.0125,1.0,0.16666666666666666
14,1,7.0,0.15555555555555556,0.0875,7.0,1.1666666666666667
14,2,4.0,0.08888888888888889,0.05,4.0,0.6666666666666666
14,3,20.0,0.4444444444444444,0.25,20.0,3.3333333333333335
14,4,10.0,0.2222222222222222,0.125,10.0,1.6666666666666667
14,5,10.0,0.2222222222222222,0.125,10.0,1.6666666666666667
14,6,17.0,0.37777777777777777,0.2125,17.0,2.8333333333333335
14,7,17.0,0.37777777777777777,0.2125,17.0,2.8333333333333335
14,8,13.0,0.28888888888888886,0.1625,13.0,2.1666666666666665
14,9,12.0,0.26666666666666666,0.15,12.0,2.0
14,10,7.0,0.15555555555555556,0.0875,7.0,1.1666666666666667
14,11,5.0,0.1111111111111111,0.0625,5.0,0.8333333333333334
14,12,9.0,0.2,0.1125,9.0,1.5
14,13,12.0,0.26666666666666666,0.15,12.0,2.0
14,15,10.0,0.2222222222222222,0.125,10.0,1.6666666666666667
14,16,10.0,0.2222222222222222,0.125,10.0,1.6666666666666667
14,17,7.0,0.15555555555555556,0.0875,7.0,1.1666666666666667
14,18,12.0,0.26666666666666666,0.15,12.0,2.0
14,19,19.0,0.4222222222222222,0.2375,19.0,3.1666666666666665
14,20,15.0,0.3333333333333333,0.1875,15.0,2.5
14,21,9.0,0.2,0.1125,9.0,1.5
14,22,12.0,0.26666666666666666,0.15,12.0,2.0
15,1,17.0,0.37777777777777777,0.2125,17.0,2.8333333333333335
15,2,14.0,0.3111111111111111,0.175,14.0,2.3333333333333335
15,3,14.0,0.3111111111111111,0.175,14.0,2.3333333333333335
15,4,20.0,0.4444444444444444,0.25,20.0,3.3333333333333335
15,5,7.0,0.15555555555555556,0.0875,7.0,1.1666666666666667
15,6,27.0,0.6,0.3375,27.0,4.5
15,7,27.0,0.6,0.3375,27.0,4.5
15,8,23.0,0.5111111111111111,0.2875,23.0,3.8333333333333335
15,9,22.0,0.4888888888888889,0.275,22.0,3.6666666666666665
15,10,4.0,0.08888888888888889,0.05,4.0,0.6666666666666666
15,11,8.0,0.17777777777777778,0.1,8.0,1.3333333333333333
15,12,19.0,0.4222222222222222,0.2375,19.0,3.1666666666666665
15,13,15.0,0.3333333333333333,0.1875,15.0,2.5
15,14,10.0,0.2222222222222222,0.125,10.0,1.6666666666666667
15,16,17.0,0.37777777777777777,0.2125,17.0,2.8333333333333335
15,17,14.0,0.3111111111111111,0.175,14.0,2.3333333333333335
15,18,22.0,0.4888888888888889,0.275,22.0,3.6666666666666665
15,19,19.0,0.4222222222222222,0.2375,19.0,3.1666666666666665
15,20,9.0,0.2,0.1125,9.0,1.5
15,21,15.0,0.3333333333333333,0.1875,15.0,2.5
15,22,15.0,0.3333333333333333,0.1875,15.0,2.5
16,1,7.0,0.15555555555555556,0.0875,7.0,1.1666666666666667
16,2,10.0,0.2222222222222222,0.125,10.0,1.6666666666666667
16,3,30.0,0.6666666666666666,0.375,30.0,5.0
16,4,10.0,0.2222222222222222,0.125,10.0,1.6666666666666667
16,5,20.0,0.4444444444444444,0.25,20.0,3.3333333333333335
16,6,20.0,0.4444444444444444,0.25,20.0,3.3333333333333335
16,7,17.0,0.37777777777777777,0.2125,17.0,2.8333333333333335
16,8,13.0,0.28888888888888886,0.1625,13.0,2.1666666666666665
16,9,15.0,0.3333333333333333,0.1875,15.0,2.5
16,10,14.0,0.3111111111111111,0.175,14.0,2.3333333333333335
16,11,9.0,0.2,0.1125,9.0,1.5
16,12,12.0,0.26666666666666666,0.15,12.0,2.0
16,13,22.0,0.4888888888888889,0.275,22.0,3.6666666666666665
16,14,10.0,0.2222222222222222,0.125,10.0,1.6666666666666667
16,15,17.0,0.37777777777777777,0.2125,17.0,2.8333333333333335
16,17,7.0,0.15555555555555556,0.0875,7.0,1.1666666666666667
16,18,22.0,0.4888888888888889,0.275,22.0,3.6666666666666665
16,19,29.0,0.6444444444444445,0.3625,29.0,4.833333333333333
16,20,25.0,0.5555555555555556,0.3125,25.0,4.166666666666667
16,21,5.0,0.1111111111111111,0.0625,5.0,0.8333333333333334
16,22,22.0,0.4888888888888889,0.275,22.0,3.6666666666666665
17,1,14.0,0.3111111111111111,0.175,14.0,2.3333333333333335
17,2,10.0,0.2222222222222222,0.125,10.0,1.6666666666666667
17,3,27.0,0.6,0.3375,27.0,4.5
17,4,17.0,0.37777777777777777,0.2125,17.0,2.8333333333333335
17,5,17.0,0.37777777777777777,0.2125,17.0,2.8333333333333335
17,6,24.0,0.5333333333333333,0.3,24.0,4.0
17,7,24.0,0.5333333333333333,0.3,24.0,4.0
17,8,20.0,0.4444444444444444,0.25,20.0,3.3333333333333335
17,9,19.0,0.4222222222222222,0.2375,19.0,3.1666666666666665
17,10,10.0,0.2222222222222222,0.125,10.0,1.6666666666666667
17,11,6.0,0.13333333333333333,0.075,6.0,1.0
17,12,15.0,0.3333333333333333,0.1875,15.0,2.5
17,13,19.0,0.4222222222222222,0.2375,19.0,3.1666666666666665
17,14,7.0,0.15555555555555556,0.0875,7.0,1.1666666666666667
17,15,14.0,0.3111111111111111,0.175,14.0,2.3333333333333335
17,16,7.0,0.15555555555555556,0.0875,7.0,1.1666666666666667
17,18,19.0,0.4222222222222222,0.2375,19.0,3.1666666666666665
17,19,25.0,0.5555555555555556,0.3125,25.0,4.166666666666667
17,20,22.0,0.4888888888888889,0.275,22.0,3.6666666666666665
17,21,12.0,0.26666666666666666,0.15,12.0,2.0
17,22,19.0,0.4222222222222222,0.2375,19.0,3.1666666666666665
18,1,15.0,0.3333333333333333,0.1875,15.0,2.5
18,2,12.0,0.26666666666666666,0.15,12.0,2.0
18,3,9.0,0.2,0.1125,9.0,1.5
18,4,19.0,0.4222222222222222,0.2375,19.0,3.1666666666666665
18,5,15.0,0.3333333333333333,0.1875,15.0,2.5
18,6,5.0,0.1111111111111111,0.0625,5.0,0.8333333333333334
18,7,5.0,0.1111111111111111,0.0625,5.0,0.8333333333333334
18,8,13.0,0.28888888888888886,0.1625,13.0,2.1666666666666665
18,9,7.0,0.15555555555555556,0.0875,7.0,1.1666666666666667
18,10,19.0,0.4222222222222222,0.2375,19.0,3.1666666666666665
18,11,16.0,0.35555555555555557,0.2,16.0,2.6666666666666665
18,12,10.0,0.2222222222222222,0.125,10.0,1.6666666666666667
18,13,8.0,0.17777777777777778,0.1,8.0,1.3333333333333333
18,14,12.0,0.26666666666666666,0.15,12.0,2.0
18,15,22.0,0.4888888888888889,0.275,22.0,3.6666666666666665
18,16,22.0,0.4888888888888889,0.275,22.0,3.6666666666666665
18,17,19.0,0.4222222222222222,0.2375,19.0,3.1666666666666665
18,19,7.0,0.15555555555555556,0.0875,7.0,1.1666666666666667
18,20,14.0,0.3111111111111111,0.175,14.0,2.3333333333333335
18,21,20.0,0.4444444444444444,0.25,20.0,3.3333333333333335
18,22,7.0,0.15555555555555556,0.0875,7.0,1.1666666666666667
19,1,22.0,0.4888888888888889,0.275,22.0,3.6666666666666665
19,2,19.0,0.4222222222222222,0.2375,19.0,3.1666666666666665
19,3,5.0,0.1111111111111111,0.0625,5.0,0.8333333333333334
19,4,25.0,0.5555555555555556,0.3125,25.0,4.166666666666667
19,5,12.0,0.26666666666666666,0.15,12.0,2.0
19,6,9.0,0.2,0.1125,9.0,1.5
19,7,12.0,0.26666666666666666,0.15,12.0,2.0
19,8,19.0,0.4222222222222222,0.2375,19.0,3.1666666666666665
19,9,14.0,0.3111111111111111,0.175,14.0,2.3333333333333335
19,10,15.0,0.3333333333333333,0.1875,15.0,2.5
19,11,20.0,0.4444444444444444,0.25,20.0,3.3333333333333335
19,12,17.0,0.37777777777777777,0.2125,17.0,2.8333333333333335
19,13,7.0,0.15555555555555556,0.0875,7.0,1.1666666666666667
19,14,19.0,0.4222222222222222,0.2375,19.0,3.1666666666666665
19,15,19.0,0.4222222222222222,0.2375,19.0,3.1666666666666665
19,16,29.0,0.6444444444444445,0.3625,29.0,4.833333333333333
19,17,25.0,0.5555555555555556,0.3125,25.0,4.166666666666667
19,18,7.0,0.15555555555555556,0.0875,7.0,1.1666666666666667
19,20,10.0,0.2222222222222222,0.125,10.0,1.6666666666666667
19,21,27.0,0.6,0.3375,27.0,4.5
19,22,7.0,0.15555555555555556,0.0875,7.0,1.1666666666666667
20,1,19.0,0.4222222222222222,0.2375,19.0,3.1666666666666665
20,2,15.0,0.3333333333333333,0.1875,15.0,2.5
20,3,5.0,0.1111111111111111,0.0625,5.0,0.8333333333333334
20,4,22.0,0.4888888888888889,0.275,22.0,3.6666666666666665
20,5,5.0,0.1111111111111111,0.0625,5.0,0.8333333333333334
20,6,19.0,0.4222222222222222,0.2375,19.0,3.1666666666666665
20,7,19.0,0.4222222222222222,0.2375,19.0,3.1666666666666665
20,8,16.0,0.35555555555555557,0.2,16.0,2.6666666666666665
20,9,14.0,0.3111111111111111,0.175,14.0,2.3333333333333335
20,10,12.0,0.26666666666666666,0.15,12.0,2.0
20,11,16.0,0.35555555555555557,0.2,16.0,2.6666666666666665
20,12,14.0,0.3111111111111111,0.175,14.0,2.3333333333333335
20,13,6.0,0.13333333333333333,0.075,6.0,1.0
20,14,15.0,0.3333333333333333,0.1875,15.0,2.5
20,15,9.0,0.2,0.1125,9.0,1.5
20,16,25.0,0.5555555555555556,0.3125,25.0,4.166666666666667
20,17,22.0,0.4888888888888889,0.275,22.0,3.6666666666666665
20,18,14.0,0.3111111111111111,0.175,14.0,2.3333333333333335
20,19,10.0,0.2222222222222222,0.125,10.0,1.6666666666666667
20,21,24.0,0.5333333333333333,0.3,24.0,4.0
20,22,7.0,0.15555555555555556,0.0875,7.0,1.1666666666666667
21,1,5.0,0.1111111111111111,0.0625,5.0,0.8333333333333334
21,2,9.0,0.2,0.1125,9.0,1.5
21,3,29.0,0.6444444444444445,0.3625,29.0,4.833333333333333
21,4,5.0,0.1111111111111111,0.0625,5.0,0.8333333333333334
21,5,19.0,0.4222222222222222,0.2375,19.0,3.1666666666666665
21,6,19.0,0.4222222222222222,0.2375,19.0,3.1666666666666665
21,7,15.0,0.3333333333333333,0.1875,15.0,2.5
21,8,8.0,0.17777777777777778,0.1,8.0,1.3333333333333333
21,9,14.0,0.3111111111111111,0.175,14.0,2.3333333333333335
21,10,12.0,0.26666666666666666,0.15,12.0,2.0
21,11,10.0,0.2222222222222222,0.125,10.0,1.6666666666666667
21,12,10.0,0.2222222222222222,0.125,10.0,1.6666666666666667
21,13,20.0,0.4444444444444444,0.25,20.0,3.3333333333333335
21,14,9.0,0.2,0.1125,9.0,1.5
21,15,15.0,0.3333333333333333,0.1875,15.0,2.5
21,16,5.0,0.1111111111111111,0.0625,5.0,0.8333333333333334
21,17,12.0,0.26666666666666666,0.15,12.0,2.0
21,18,20.0,0.4444444444444444,0.25,20.0,3.3333333333333335
21,19,27.0,0.6,0.3375,27.0,4.5
21,20,24.0,0.5333333333333333,0.3,24.0,4.0
21,22,20.0,0.4444444444444444,0.25,20.0,3.3333333333333335
