0,2.666666667,0.6666666667,1.333333333,3,1,1.166666667,2.833333333,0.6666666667,0.8333333333,3.166666667,2.833333333,2.5,1.5,1.333333333,1.166666667,1,1.166666667,1,2.833333333,1.166666667,1.333333333,3.166666667,0
2.666666667,0,2,2,0.8333333333,1.833333333,1.666666667,0.1666666667,2.166666667,1.833333333,0.5,0.5,0.3333333333,1.833333333,1.333333333,1.833333333,2,1.5,1.833333333,1,1.5,1.5,0.6666666667,2.666666667
0.6666666667,2,0,1.833333333,2.333333333,1.5,1.5,2.166666667,0.1666666667,0.1666666667,2.5,2.166666667,1.833333333,1.833333333,1.333333333,1.666666667,1.5,1.333333333,1.333333333,2.166666667,1.166666667,1.5,2.5,0.6666666667
1.333333333,2,1.833333333,0,2.333333333,0.3333333333,0.3333333333,2.166666667,1.833333333,1.833333333,2.333333333,2.166666667,1.666666667,0.1666666667,0.6666666667,0.1666666667,0.3333333333,0.5,0.5,2.166666667,0.6666666667,0.5,2.333333333,1.333333333
3,0.8333333333,2.333333333,2.333333333,0,2.166666667,2,1,2.5,2.166666667,0.6666666667,0.5,0.6666666667,2.166666667,1.666666667,2.166666667,2.333333333,1.833333333,2.166666667,0.1666666667,1.833333333,1.833333333,0.1666666667,3
1,1.833333333,1.5,0.3333333333,2.166666667,0,0.3333333333,2,1.666666667,1.666666667,2.333333333,2,1.666666667,0.5,0.6666666667,0.1666666667,0.1666666667,0.3333333333,0.1666666667,2,0.5,0.5,2.333333333,1
1.166666667,1.666666667,1.5,0.3333333333,2,0.3333333333,0,1.833333333,1.666666667,1.666666667,2,1.833333333,1.333333333,0.3333333333,0.3333333333,0.1666666667,0.3333333333,0.1666666667,0.1666666667,1.833333333,0.5,0.1666666667,2,1.166666667
2.833333333,0.1666666667,2.166666667,2.166666667,1,2,1.833333333,0,2.333333333,2,0.3333333333,0.6666666667,0.5,2,1.5,2,2.166666667,1.666666667,2,1.166666667,1.666666667,1.666666667,0.8333333333,2.833333333
0.6666666667,2.166666667,0.1666666667,1.833333333,2.5,1.666666667,1.666666667,2.333333333,0,0.3333333333,2.5,2.333333333,1.833333333,2,1.333333333,1.666666667,1.5,1.5,1.5,2.333333333,1.166666667,1.666666667,2.5,0.6666666667
0.8333333333,1.833333333,0.1666666667,1.833333333,2.166666667,1.666666667,1.666666667,2,0.3333333333,0,2.333333333,2,1.666666667,2,1.333333333,1.666666667,1.5,1.5,1.5,2,1.166666667,1.666666667,2.333333333,0.8333333333
3.166666667,0.5,2.5,2.333333333,0.6666666667,2.333333333,2,0.3333333333,2.5,2.333333333,0,0.3333333333,0.6666666667,2.333333333,1.833333333,2.166666667,2.333333333,2,2.166666667,0.8333333333,2,1.833333333,0.6666666667,3.166666667
2.833333333,0.5,2.166666667,2.166666667,0.5,2,1.833333333,0.6666666667,2.333333333,2,0.3333333333,0,0.5,2,1.5,2,2.166666667,1.666666667,2,0.6666666667,1.666666667,1.666666667,0.3333333333,2.833333333
2.5,0.3333333333,1.833333333,1.666666667,0.6666666667,1.666666667,1.333333333,0.5,1.833333333,1.666666667,0.6666666667,0.5,0,1.666666667,1.166666667,1.5,1.666666667,1.333333333,1.5,0.8333333333,1.333333333,1.166666667,0.6666666667,2.5
1.5,1.833333333,1.833333333,0.1666666667,2.166666667,0.5,0.3333333333,2,2,2,2.333333333,2,1.666666667,0,0.6666666667,0.3333333333,0.5,0.5,0.5,2,0.8333333333,0.5,2.333333333,1.5
1.333333333,1.333333333,1.333333333,0.6666666667,1.666666667,0.6666666667,0.3333333333,1.5,1.333333333,1.333333333,1.833333333,1.5,1.166666667,0.6666666667,0,0.5,0.6666666667,0.3333333333,0.5,1.5,0.1666666667,0.3333333333,1.833333333,1.333333333
1.166666667,1.833333333,1.666666667,0.1666666667,2.166666667,0.1666666667,0.1666666667,2,1.666666667,1.666666667,2.166666667,2,1.5,0.3333333333,0.5,0,0.1666666667,0.3333333333,0.3333333333,2,0.5,0.3333333333,2.166666667,1.166666667
1,2,1.5,0.3333333333,2.333333333,0.1666666667,0.3333333333,2.166666667,1.5,1.5,2.333333333,2.166666667,1.666666667,0.5,0.6666666667,0.1666666667,0,0.5,0.1666666667,2.166666667,0.5,0.5,2.333333333,1
1.166666667,1.5,1.333333333,0.5,1.833333333,0.3333333333,0.1666666667,1.666666667,1.5,1.5,2,1.666666667,1.333333333,0.5,0.3333333333,0.3333333333,0.5,0,0.3333333333,1.666666667,0.3333333333,0.1666666667,2,1.166666667
1,1.833333333,1.333333333,0.5,2.166666667,0.1666666667,0.1666666667,2,1.5,1.5,2.166666667,2,1.5,0.5,0.5,0.3333333333,0.1666666667,0.3333333333,0,2,0.3333333333,0.3333333333,2.166666667,1
2.833333333,1,2.166666667,2.166666667,0.1666666667,2,1.833333333,1.166666667,2.333333333,2,0.8333333333,0.6666666667,0.8333333333,2,1.5,2,2.166666667,1.666666667,2,0,1.666666667,1.666666667,0.3333333333,2.833333333
1.166666667,1.5,1.166666667,0.6666666667,1.833333333,0.5,0.5,1.666666667,1.166666667,1.166666667,2,1.666666667,1.333333333,0.8333333333,0.1666666667,0.5,0.5,0.3333333333,0.3333333333,1.666666667,0,0.5,2,1.166666667
1.333333333,1.5,1.5,0.5,1.833333333,0.5,0.1666666667,1.666666667,1.666666667,1.666666667,1.833333333,1.666666667,1.166666667,0.5,0.3333333333,0.3333333333,0.5,0.1666666667,0.3333333333,1.666666667,0.5,0,1.833333333,1.333333333
3.166666667,0.6666666667,2.5,2.333333333,0.1666666667,2.333333333,2,0.8333333333,2.5,2.333333333,0.6666666667,0.3333333333,0.6666666667,2.333333333,1.833333333,2.166666667,2.333333333,2,2.166666667,0.3333333333,2,1.833333333,0,3.166666667
0,2.666666667,0.6666666667,1.333333333,3,1,1.166666667,2.833333333,0.6666666667,0.8333333333,3.166666667,2.833333333,2.5,1.5,1.333333333,1.166666667,1,1.166666667,1,2.833333333,1.166666667,1.333333333,3.166666667,0
